id,brand,review
1,HydroFlask,"I've been using my HydroFlask for about two years now and it still keeps ice frozen for over 24 hours even in the summer heat. The powder coating has held up remarkably well with daily use."
2,HydroFlask,"Honestly the best water bottle I've ever owned. The wide mouth makes it easy to add ice and clean, plus the carrying loop is genuinely useful when my hands are full."
3,HydroFlask,"Love the color selection they offer. I have three different sizes now and they all perform consistently well. Worth every penny of the premium price in my opinion."
4,HydroFlask,"The insulation is incredible but I do wish it came with a straw lid included at this price point. Had to buy that separately which felt a bit nickel-and-dime."
5,HydroFlask,"Dropped mine down a rocky trail and it got dented but still works perfectly. The durability is impressive even if it doesn't look as pretty anymore."
6,HydroFlask,"My only complaint is the weight when it's full. It's noticeably heavier than my old plastic bottles, but I guess that's the trade-off for better insulation."
7,HydroFlask,"The boot accessory is a must-buy if you're getting one. It protects the bottom and makes it way less noisy when you set it down on hard surfaces."
8,HydroFlask,"I was skeptical about spending this much on a water bottle but after a year of use I'm completely converted. It just works exactly as advertised."
9,HydroFlask,"Great bottle but the lid threading got stripped after about 8 months of heavy use. Customer service replaced it quickly though which was nice."
10,HydroFlask,"Perfect for hiking and camping. I filled it with hot coffee at 6am and it was still warm enough to enjoy at lunch. That's the kind of performance I expect at this price."
11,HydroFlask,"The standard lid is fine but kind of basic. I ended up buying three different lid types to find the one I actually like using daily."
12,HydroFlask,"Keeps my water cold all day at work. My coworkers all have the same brand now because they saw how well mine performed."
13,HydroFlask,"A bit overpriced compared to competitors that perform similarly, but the brand has a good reputation and resale value if I ever want to switch colors."
14,HydroFlask,"The flex cap is genius - love being able to carry it with one finger while juggling other stuff. Small detail but it makes a real difference."
15,HydroFlask,"I appreciate that they have a lifetime warranty. Haven't needed to use it yet but it's reassuring to know it's there."
16,HydroFlask,"Wish they had more muted color options. Not everyone wants a bright turquoise bottle but I guess that's their brand aesthetic."
17,HydroFlask,"The 32oz is perfect for my gym sessions. Big enough to get me through a workout without constant refills but not so big it's awkward to carry."
18,HydroFlask,"Been using one daily for three years and the only wear is some cosmetic scratching. Still performs like new which is impressive for daily abuse."
19,HydroFlask,"Got one as a gift and initially thought it was overhyped. Now I understand why people are obsessed - it genuinely keeps drinks at temperature all day."
20,HydroFlask,"The mouth opening is almost too wide for drinking without splashing but I've gotten used to it. Works great for adding ice cubes though."
21,HydroFlask,"Excellent build quality but the price increases every year seem a bit excessive. Same bottle costs 20% more than when I bought my first one."
22,HydroFlask,"My go-to recommendation when anyone asks about water bottles. Haven't found anything that matches the combination of durability and insulation."
23,HydroFlask,"The powder coat finish gets a bit slippery when wet. Would be nice if they added some texture or grip areas for sweaty hands."
24,HydroFlask,"Love that it doesn't sweat on the outside. I can throw it in my bag without worrying about condensation getting everything wet."
25,HydroFlask,"Solid product but nothing revolutionary. Does exactly what a good insulated bottle should do - keeps hot stuff hot and cold stuff cold."
26,HydroFlask,"The sport cap leaks occasionally if not screwed on perfectly tight. Learned that the hard way with a wet backpack."
27,HydroFlask,"Really well designed overall. You can tell they thought through the user experience with small touches like the easy-carry handle."
28,HydroFlask,"Had to return my first one due to a manufacturing defect where the vacuum seal wasn't working. Replacement has been perfect though."
29,HydroFlask,"Great for road trips. I freeze water in it overnight and have cold water available for the entire next day driving in the heat."
30,HydroFlask,"The brand has become a bit of a status symbol which annoys me slightly, but I can't deny the product itself is genuinely excellent."
31,HydroFlask,"Five years in and still going strong. The paint has faded slightly but the functionality is identical to day one."
32,HydroFlask,"Perfect size, perfect insulation, perfect handle. If you're on the fence about the price, just buy it. You won't regret it."
33,HydroFlask,"I own bottles from multiple brands and HydroFlask consistently outperforms on temperature retention. The engineering is clearly superior."
34,Yeti,"Built like an absolute tank. I've dropped this thing countless times and it barely shows any damage. Feels like it could survive anything."
35,Yeti,"The rambler is my daily driver now. Ice lasts forever and I love the chug cap for quick hydration between meetings."
36,Yeti,"Honestly expected more for the price. It works fine but I don't see what makes it worth twice as much as other insulated bottles."
37,Yeti,"The mag slider lid is cool but collects gunk in the mechanism if you don't clean it regularly. Kind of annoying maintenance requirement."
38,Yeti,"Love the understated design. No flashy colors, just solid construction and excellent performance. Very much my aesthetic."
39,Yeti,"Keeps coffee hot way longer than I expected. Sometimes too long - had to wait for it to cool down enough to drink which is a weird complaint I guess."
40,Yeti,"The brand premium is real but so is the quality. After trying cheaper alternatives that failed, I'm happy to pay for reliability."
41,Yeti,"Wish they offered more size options in the rambler line. The jump from 26oz to 36oz is too big for my needs."
42,Yeti,"The stainless steel construction means no plastic taste whatsoever. Took a while to appreciate but now I notice it with other bottles."
43,Yeti,"Bought this for camping and it's been through multiple trips without any issues. The construction quality is immediately apparent."
44,Yeti,"A bit too heavy for everyday carry in my opinion. I leave it at my desk and use a lighter bottle when I'm moving around."
45,Yeti,"The customer service experience was excellent when I had a question about accessories. Quick response and genuinely helpful."
46,Yeti,"Performs well but the narrow mouth on my model makes it annoying to add ice. Had to buy a separate funnel which seems silly."
47,Yeti,"The no-sweat design is legit. Keeps my desk and bag dry which I really appreciate. Small feature, big impact on daily use."
48,Yeti,"Overrated in my opinion. My friend's budget bottle keeps drinks cold just as long. You're mostly paying for the logo."
49,Yeti,"Rock solid reliability. I've had mine for four years of daily use and it still looks and works like new."
50,Yeti,"The magnetic lid is convenient but I worry about it failing eventually. Would prefer a simple screw cap for longevity."
51,Yeti,"Great for hot beverages. My tea stays at drinking temperature for hours which is perfect for long work sessions."
52,Yeti,"The matte finish picks up fingerprints and smudges easily. Looks great clean but requires constant wiping to maintain."
53,Yeti,"Bought into the hype and I'm not disappointed. Sometimes popular products are popular for good reason - this is one of them."
54,Yeti,"The handle on the cap is sturdy but a bit small for my larger hands. Would prefer something more substantial to grip."
55,Yeti,"Excellent gift option because the brand recognition is high and the quality backs it up. Everyone seems happy to receive one."
56,Yeti,"I've tried to kill this thing with years of rough use and it just won't quit. The durability alone justifies the cost."
57,Yeti,"The wide variety of accessories is nice but they add up quickly cost-wise. Feels like they're selling a platform not just a bottle."
58,Yeti,"My only gripe is the price keeps climbing. Same bottle costs significantly more than when I bought my first one years ago."
59,Yeti,"Switched from a competitor and immediately noticed the build quality difference. Everything feels more solid and well-machined."
60,Yeti,"The 18/8 stainless steel quality is noticeable. No weird metallic taste even after years of use with different beverages."
61,Yeti,"Good but not exceptional. Does what it's supposed to do without any surprises, positive or negative. Reliable is the best word."
62,Yeti,"The brand has great warranty support. Had an issue with a lid and they sent a replacement no questions asked."
63,Yeti,"A bit of a flex purchase if I'm being honest, but it's also genuinely a great product that I use every single day."
64,Yeti,"Compared to my old bottles this is leagues better in insulation. Worth upgrading if you actually care about temperature retention."
65,Yeti,"The straw lid option is mediocre compared to competitors. Works but not as smooth or well-designed as other brands."
66,Yeti,"Perfect for outdoor activities. Survived a kayaking trip where it got submerged and bashed around. Still works perfectly."
67,Stanley,"The classic green bottle is iconic and for good reason. My dad had one that lasted 30 years and I expect mine to do the same."
68,Stanley,"Recently redesigned bottles look nice but I've heard mixed things about the quality compared to the older made-in-USA versions."
69,Stanley,"The quencher tumbler is everywhere now and honestly it lives up to the hype. Perfect for all-day hydration at my desk."
70,Stanley,"Love the vintage aesthetic but the flip-top lid on my model is cheap plastic that feels like it could break easily."
71,Stanley,"The handle on the quencher is a game changer. Makes it so easy to carry around and fits perfectly in my car cup holder."
72,Stanley,"Had quality issues with my first one - the seal wasn't right and it leaked. Replacement has been fine but first impression was poor."
73,Stanley,"Great value compared to premium competitors. Nearly identical performance at a much more reasonable price point."
74,Stanley,"The thermos heritage gives me confidence in the brand. They've been making insulated containers longer than anyone."
75,Stanley,"My quencher started rusting around the bottom after only six months. Very disappointed in the durability for what it cost."
76,Stanley,"Perfect for iced coffee throughout the day. The straw design is great and the size means I'm not constantly refilling."
77,Stanley,"The recent popularity surge has made them hard to find in the colors I want. Good problem to have I guess but frustrating."
78,Stanley,"Build quality feels lighter and less premium than the competition but performs well enough for casual daily use."
79,Stanley,"Love that they make replacement parts available. Had to buy a new lid and it was easy to find and reasonably priced."
80,Stanley,"The powder coating on mine chipped within the first month of normal use. Purely cosmetic but disappointing nonetheless."
81,Stanley,"The 40oz size is massive and I love it. Don't have to think about refilling during long meetings or focused work sessions."
82,Stanley,"Great brand for the price but I've noticed inconsistent quality between different products in their lineup."
83,Stanley,"The vacuum insulation works great for cold drinks but hot beverages cool down faster than I'd like. Not quite premium tier."
84,Stanley,"Bought one because of the social media hype and it's... fine? Good product but maybe my expectations were too high."
85,Stanley,"The flip straw lid is convenient but impossible to clean thoroughly. Worried about mold buildup in the mechanism."
86,Stanley,"Solid everyday bottle for someone who doesn't want to spend premium prices. Does the job without any frills."
87,Stanley,"The classic bottle design is bulletproof but the newer trendy products seem to cut corners on quality."
88,Stanley,"Love the brand story and heritage. Using something with that much history feels meaningful in a weird way."
89,Stanley,"Had mine for two years of daily use and it's holding up well. Some wear on the finish but fully functional."
90,Stanley,"The cup holder fit is perfect for my car which was a specific requirement. Not all large bottles manage this."
91,Stanley,"Mixed feelings overall. Love the look and size but the seal on my lid isn't as tight as I'd like for a newer purchase."
92,Stanley,"The straw is kind of annoying to drink from compared to other designs. Flow rate feels restricted."
93,Stanley,"Great for the office. Keeps water cold, looks professional, and the size means fewer trips to the water cooler."
94,Stanley,"The virality has made these basic bottles feel trendy which is amusing. Good product marketing I suppose."
95,Stanley,"Definitely not as premium-feeling as the high-end competitors but the price reflects that. Fair value overall."
96,Stanley,"The lifetime warranty gives me confidence in the purchase. They stand behind their products which matters to me."
97,Stanley,"My teenager wanted one because everyone at school has them. It's become more of a fashion accessory than a utility item."
98,Stanley,"The color options now are great. Moved beyond just the classic green to offer something for every style preference."
99,Stanley,"Quality seems inconsistent batch to batch. My first one was perfect, the replacement for a friend felt cheaper."
100,Stanley,"Overall a good middle-ground option. Not the absolute best but solid performance at a fair price. Would recommend."
